species,latitude,longitude,date,month_name,source
Aedes aegypti,41.6045,41.6307,8/5/2014,August,GBIF
Aedes aegypti,42.179335,42.970747,8/4/2016,August,GBIF
Aedes aegypti,43.107149,41.167678,8/4/2016,August,GBIF
Aedes aegypti,42.29763,44.752941,8/4/2016,August,GBIF
Aedes aegypti,42.125615,44.019696,8/4/2016,August,GBIF
Aedes aegypti,41.966948,42.15628,8/4/2016,August,GBIF
Aedes aegypti,41.54343,43.329861,8/4/2016,August,GBIF
Aedes aegypti,41.767433,45.773121,8/4/2016,August,GBIF
Aedes aegypti,42.673345,43.142596,8/4/2016,August,GBIF
Aedes aegypti,41.717593,44.824596,6/30/2017,June,GBIF
Aedes aegypti,41.499874,44.500634,4/26/2018,April,GBIF
Aedes aegypti,41.648434,42.088157,4/26/2018,April,GBIF
Aedes aegypti,42.69551,42.249841,4/26/2018,April,GBIF
Aedes aegypti,41.737346,45.347026,8/28/2019,August,VectorMap_Mosquitoes
Aedes aegypti,41.91667,45.48333,9/21/2021,September,VectorMap_Mosquitoes
Aedes aegypti,43.09,40.82,NA,NA,GBIF
Aedes aegypti,43.10186,40.618588,NA,NA,GBIF
Aedes aegypti,43.00154,41.023415,NA,NA,GBIF
Aedes albopictus,41.6272,41.6171,8/5/2014,August,GBIF
Aedes albopictus,41.6342,41.6186,8/5/2014,August,GBIF
Aedes albopictus,41.6245,41.6101,8/5/2014,August,GBIF
Aedes albopictus,41.6002,41.6145,8/5/2014,August,GBIF
Aedes albopictus,41.5989,41.6041,8/5/2014,August,GBIF
Aedes albopictus,41.6312,41.6113,8/5/2014,August,GBIF
Aedes albopictus,41.6045,41.6307,8/5/2014,August,GBIF
Aedes albopictus,41.6354,41.6481,8/6/2014,August,GBIF
Aedes albopictus,41.6354,41.6344,8/6/2014,August,GBIF
Aedes albopictus,41.644,41.6522,8/13/2014,August,GBIF
Aedes albopictus,41.6325,41.6381,8/13/2014,August,GBIF
Aedes albopictus,41.54343,43.329861,6/23/2016,June,GBIF
Aedes albopictus,42.29763,44.752941,7/12/2016,July,GBIF
Aedes albopictus,41.767433,45.773121,7/12/2016,July,GBIF
Aedes albopictus,41.499874,44.500634,7/12/2016,July,GBIF
Aedes albopictus,42.179335,42.970747,7/13/2016,July,GBIF
Aedes albopictus,42.125615,44.019696,7/13/2016,July,GBIF
Aedes albopictus,41.966948,42.15628,7/13/2016,July,GBIF
Aedes albopictus,42.673345,43.142596,7/15/2016,July,GBIF
Aedes albopictus,41.717593,44.824596,7/12/2017,July,GBIF
Aedes albopictus,42.69551,42.249841,4/26/2018,April,GBIF
Aedes albopictus,41.648434,42.088157,4/26/2018,April,GBIF
Aedes albopictus,41.753544,45.007344,5/29/2019,May,VectorMap_Mosquitoes
Aedes albopictus,41.751328,45.008319,5/31/2019,May,VectorMap_Mosquitoes
Aedes albopictus,41.912297,45.974335,9/1/2019,September,VectorMap_Mosquitoes
Aedes albopictus,41.74168,44.778234,9/13/2019,September,VectorMap_Mosquitoes
Aedes albopictus,41.692851,44.966098,9/30/2019,September,VectorMap_Mosquitoes
Aedes albopictus,41.806064,44.774873,10/5/2019,October,VectorMap_Mosquitoes
Aedes albopictus,41.549142,44.986552,10/5/2019,October,VectorMap_Mosquitoes
Aedes albopictus,41.753592,45.007213,6/16/2020,June,VectorMap_Mosquitoes
Aedes albopictus,42.714682,42.242519,9/1/2020,September,VectorMap_Mosquitoes
Aedes albopictus,42.716754,42.245614,9/1/2020,September,VectorMap_Mosquitoes
Aedes albopictus,42.716743,42.234624,9/4/2020,September,VectorMap_Mosquitoes
Aedes albopictus,41.676254,45.060931,9/17/2020,September,VectorMap_Mosquitoes
Aedes albopictus,41.752913,45.007943,9/29/2020,September,VectorMap_Mosquitoes
Aedes albopictus,41.750846,45.009226,9/29/2020,September,VectorMap_Mosquitoes
Aedes albopictus,41.752897,45.007872,10/1/2020,October,VectorMap_Mosquitoes
Aedes albopictus,41.584314,44.917435,10/8/2020,October,VectorMap_Mosquitoes
Aedes albopictus,41.582081,44.911024,10/9/2020,October,VectorMap_Mosquitoes
Aedes albopictus,41.980897,44.114388,10/20/2020,October,VectorMap_Mosquitoes
Aedes albopictus,41.58508,44.920062,5/6/2021,May,VectorMap_Mosquitoes
Aedes albopictus,42.716746,42.24556,5/19/2021,May,VectorMap_Mosquitoes
Aedes albopictus,42.036099,42.238929,5/19/2021,May,VectorMap_Mosquitoes
Aedes albopictus,42.04291,42.246415,5/19/2021,May,VectorMap_Mosquitoes
Aedes albopictus,42.716964,42.234681,5/20/2021,May,VectorMap_Mosquitoes
Aedes albopictus,42.714394,42.242482,5/21/2021,May,VectorMap_Mosquitoes
Aedes albopictus,42.042903,42.246347,6/1/2021,June,VectorMap_Mosquitoes
Aedes albopictus,41.980743,44.114506,6/3/2021,June,VectorMap_Mosquitoes
Aedes albopictus,41.603521,41.613483,6/16/2021,June,VectorMap_Mosquitoes
Aedes albopictus,41.639218,41.619537,6/16/2021,June,VectorMap_Mosquitoes
Aedes albopictus,41.574165,41.663581,6/17/2021,June,VectorMap_Mosquitoes
Aedes albopictus,41.750674,45.008546,6/29/2021,June,VectorMap_Mosquitoes
Aedes albopictus,41.675493,45.061016,6/29/2021,June,VectorMap_Mosquitoes
Aedes albopictus,41.752593,45.007878,7/1/2021,July,VectorMap_Mosquitoes
Aedes albopictus,41.675515,45.061231,7/1/2021,July,VectorMap_Mosquitoes
Aedes albopictus,41.670853,45.061525,7/1/2021,July,VectorMap_Mosquitoes
Aedes albopictus,41.750662,45.008605,7/2/2021,July,VectorMap_Mosquitoes
Aedes albopictus,43.11158,41.649266,7/28/2021,July,VectorMap_Mosquitoes
Aedes albopictus,41.91667,45.48333,9/21/2021,September,VectorMap_Mosquitoes
Aedes albopictus,43.107149,41.167678,2/17/2022,February,GBIF
Aedes albopictus,43.166,40.333,NA,NA,GBIF
Aedes albopictus,43.112,40.633,NA,NA,GBIF
Aedes albopictus,43.324,40.225,NA,NA,GBIF
Aedes albopictus,43.102364,40.618287,NA,NA,GBIF
Aedes albopictus,42.627403,41.736887,NA,NA,GBIF
Aedes albopictus,43.27952,40.27056,NA,NA,GBIF
Aedes albopictus,42.845523,41.177391,NA,NA,GBIF
Aedes albopictus,43.002904,41.022751,NA,NA,GBIF
Aedes albopictus,41.75771,41.747204,NA,NA,GBIF
Aedes albopictus,41.828547,44.757402,NA,NA,GBIF
Aedes albopictus,41.727864,44.727423,NA,NA,GBIF
Aedes albopictus,41.85202,46.109699,NA,NA,GBIF
Aedes albopictus,41.779581,44.749022,NA,NA,GBIF
Aedes albopictus,42.857068,41.75788,NA,NA,GBIF
Aedes albopictus,43.16,40.34,NA,NA,GBIF
Aedes albopictus,41.806127,44.774704,NA,NA,VectorMap_Mosquitoes
Aedes albopictus,41.806064,44.774873,NA,NA,VectorMap_Mosquitoes
Aedes caspius,41.75444,45.007073,5/30/2019,May,VectorMap_Mosquitoes
Aedes caspius,41.581333,44.911508,6/23/2020,June,VectorMap_Mosquitoes
Aedes caspius,41.583267,44.91575,6/23/2020,June,VectorMap_Mosquitoes
Aedes caspius,41.585199,44.919894,6/23/2020,June,VectorMap_Mosquitoes
Aedes caspius,41.634062,45.048166,6/30/2020,June,VectorMap_Mosquitoes
Aedes caspius,41.623408,45.041997,6/30/2020,June,VectorMap_Mosquitoes
Aedes caspius,41.674322,45.060391,6/30/2020,June,VectorMap_Mosquitoes
Aedes caspius,41.687744,45.054772,7/1/2020,July,VectorMap_Mosquitoes
Aedes caspius,41.633818,45.048612,7/1/2020,July,VectorMap_Mosquitoes
Aedes caspius,41.676209,45.062038,7/1/2020,July,VectorMap_Mosquitoes
Aedes caspius,41.673078,45.059237,7/2/2020,July,VectorMap_Mosquitoes
Aedes caspius,42.994573,41.634468,8/12/2020,August,VectorMap_Mosquitoes
Aedes caspius,42.71801,42.232213,9/1/2020,September,VectorMap_Mosquitoes
Aedes caspius,42.716992,42.23481,9/3/2020,September,VectorMap_Mosquitoes
Aedes caspius,42.712211,42.245164,9/3/2020,September,VectorMap_Mosquitoes
Aedes caspius,41.673673,45.060636,9/10/2020,September,VectorMap_Mosquitoes
Aedes caspius,41.677353,45.060045,9/17/2020,September,VectorMap_Mosquitoes
Aedes caspius,41.679619,45.055699,9/17/2020,September,VectorMap_Mosquitoes
Aedes caspius,41.750846,45.009226,9/29/2020,September,VectorMap_Mosquitoes
Aedes caspius,41.753246,45.007535,9/30/2020,September,VectorMap_Mosquitoes
Aedes caspius,41.75073,45.00866,10/1/2020,October,VectorMap_Mosquitoes
Aedes caspius,41.75201,45.007818,10/1/2020,October,VectorMap_Mosquitoes
Aedes caspius,41.581467,44.912272,10/6/2020,October,VectorMap_Mosquitoes
Aedes caspius,41.585184,44.920039,10/6/2020,October,VectorMap_Mosquitoes
Aedes caspius,41.583439,44.913159,10/6/2020,October,VectorMap_Mosquitoes
Aedes caspius,41.58508,44.920012,5/5/2021,May,VectorMap_Mosquitoes
Aedes caspius,41.581401,44.912293,5/5/2021,May,VectorMap_Mosquitoes
Aedes caspius,41.580973,44.90723,5/5/2021,May,VectorMap_Mosquitoes
Aedes caspius,41.583292,44.913136,5/7/2021,May,VectorMap_Mosquitoes
Aedes caspius,41.751476,45.009047,7/1/2021,July,VectorMap_Mosquitoes
Aedes caspius,43.11158,41.649266,7/28/2021,July,VectorMap_Mosquitoes
Aedes caspius,41.806127,44.774704,NA,NA,VectorMap_Mosquitoes
Aedes vexans,41.648434,42.088157,7/4/2017,July,GBIF
Aedes vexans,42.930984,41.102802,3/9/2018,March,GBIF
Aedes vexans,41.499874,44.500634,5/14/2018,May,GBIF
Aedes vexans,41.767433,45.773121,5/14/2018,May,GBIF
Aedes vexans,41.750998,45.008212,5/28/2019,May,VectorMap_Mosquitoes
Aedes vexans,41.753544,45.007344,5/28/2019,May,VectorMap_Mosquitoes
Aedes vexans,41.79882,44.917933,5/28/2019,May,VectorMap_Mosquitoes
Aedes vexans,41.783918,44.924662,5/28/2019,May,VectorMap_Mosquitoes
Aedes vexans,41.813411,44.962302,5/28/2019,May,VectorMap_Mosquitoes
Aedes vexans,41.752886,45.007924,6/16/2020,June,VectorMap_Mosquitoes
Aedes vexans,41.750858,45.009122,6/17/2020,June,VectorMap_Mosquitoes
Aedes vexans,41.583564,44.914185,6/23/2020,June,VectorMap_Mosquitoes
Aedes vexans,41.581284,44.911713,6/23/2020,June,VectorMap_Mosquitoes
Aedes vexans,41.583761,44.917876,6/23/2020,June,VectorMap_Mosquitoes
Aedes vexans,41.687744,45.054772,6/30/2020,June,VectorMap_Mosquitoes
Aedes vexans,41.623408,45.041997,6/30/2020,June,VectorMap_Mosquitoes
Aedes vexans,41.687744,45.054772,7/1/2020,July,VectorMap_Mosquitoes
Aedes vexans,41.673162,45.059357,7/1/2020,July,VectorMap_Mosquitoes
Aedes vexans,42.994945,41.633541,8/11/2020,August,VectorMap_Mosquitoes
Aedes vexans,41.750846,45.009226,9/29/2020,September,VectorMap_Mosquitoes
Aedes vexans,41.753836,45.007345,10/2/2020,October,VectorMap_Mosquitoes
Aedes vexans,41.585184,44.920039,10/6/2020,October,VectorMap_Mosquitoes
Aedes vexans,41.58508,44.920012,5/5/2021,May,VectorMap_Mosquitoes
Aedes vexans,41.580973,44.90723,5/5/2021,May,VectorMap_Mosquitoes
Aedes vexans,41.752864,45.007747,7/2/2021,July,VectorMap_Mosquitoes
Aedes vexans,42.995359,41.631872,7/14/2021,July,VectorMap_Mosquitoes
Aedes vexans,42.995295,41.635697,7/14/2021,July,VectorMap_Mosquitoes
Aedes vexans,43.111509,41.649299,7/16/2021,July,VectorMap_Mosquitoes
Aedes vexans,43.116232,41.653843,7/16/2021,July,VectorMap_Mosquitoes
Aedes vexans,43.107149,41.167678,2/17/2022,February,GBIF
Anopheles maculipennis,41.255075,44.798598,10/9/2017,October,GBIF
Anopheles maculipennis,41.772853,43.284716,10/10/2017,October,GBIF
Anopheles maculipennis,41.622753,43.067013,10/10/2017,October,GBIF
Anopheles maculipennis,41.688905,45.515076,10/11/2017,October,GBIF
Anopheles maculipennis,41.585162,44.919863,6/26/2020,June,VectorMap_Mosquitoes
Anopheles maculipennis,42.718796,42.233052,9/4/2020,September,VectorMap_Mosquitoes
Anopheles maculipennis,41.752913,45.007943,9/29/2020,September,VectorMap_Mosquitoes
Anopheles maculipennis,41.75073,45.00866,10/1/2020,October,VectorMap_Mosquitoes
Anopheles maculipennis,41.581811,44.910668,10/7/2020,October,VectorMap_Mosquitoes
Anopheles maculipennis,41.584314,44.917435,10/8/2020,October,VectorMap_Mosquitoes
Anopheles maculipennis,41.58508,44.920012,5/5/2021,May,VectorMap_Mosquitoes
Anopheles maculipennis,41.583254,44.913159,5/5/2021,May,VectorMap_Mosquitoes
Anopheles maculipennis,41.581805,44.910651,5/5/2021,May,VectorMap_Mosquitoes
Anopheles maculipennis,41.751261,45.008873,7/1/2021,July,VectorMap_Mosquitoes
Anopheles maculipennis,43.111509,41.649299,7/16/2021,July,VectorMap_Mosquitoes
Anopheles maculipennis,43.116232,41.653843,7/16/2021,July,VectorMap_Mosquitoes
Anopheles maculipennis,41.499874,44.500634,5/17/2023,May,GBIF
Anopheles maculipennis,41.767433,45.773121,5/17/2023,May,GBIF
Anopheles maculipennis,41.54343,43.329861,5/17/2023,May,GBIF
Anopheles plumbeus,41.767433,45.773121,11/17/2016,November,GBIF
Anopheles plumbeus,41.499874,44.500634,11/17/2016,November,GBIF
Anopheles plumbeus,43.107149,41.167678,11/17/2016,November,GBIF
Anopheles plumbeus,41.966948,42.15628,11/17/2016,November,GBIF
Anopheles plumbeus,42.179335,42.970747,11/17/2016,November,GBIF
Anopheles plumbeus,42.125615,44.019696,11/17/2016,November,GBIF
Anopheles plumbeus,41.54343,43.329861,11/17/2016,November,GBIF
Anopheles plumbeus,42.29763,44.752941,11/17/2016,November,GBIF
Anopheles plumbeus,41.717593,44.824596,11/17/2016,November,GBIF
Anopheles plumbeus,42.673345,43.142596,11/17/2016,November,GBIF
Anopheles plumbeus,42.69551,42.249841,11/17/2016,November,GBIF
Anopheles plumbeus,41.648434,42.088157,5/15/2018,May,GBIF
Anopheles plumbeus,41.752853,45.008263,5/28/2019,May,VectorMap_Mosquitoes
Anopheles plumbeus,41.753544,45.007344,5/29/2019,May,VectorMap_Mosquitoes
Anopheles plumbeus,41.752968,45.007932,6/19/2020,June,VectorMap_Mosquitoes
Anopheles plumbeus,42.712211,42.245164,9/3/2020,September,VectorMap_Mosquitoes
Anopheles plumbeus,41.753827,45.007355,9/29/2020,September,VectorMap_Mosquitoes
Anopheles plumbeus,41.91667,45.48333,9/21/2021,September,VectorMap_Mosquitoes
Anopheles sacharovi,41.499874,44.500634,7/1/2013,July,GBIF
Anopheles sacharovi,41.966948,42.15628,7/1/2013,July,GBIF
Anopheles sacharovi,42.673345,43.142596,7/1/2013,July,GBIF
Anopheles sacharovi,42.125615,44.019696,7/1/2013,July,GBIF
Anopheles sacharovi,41.767433,45.773121,7/1/2013,July,GBIF
Anopheles sacharovi,42.69551,42.249841,7/1/2013,July,GBIF
Anopheles sacharovi,41.648434,42.088157,7/1/2013,July,GBIF
Anopheles sacharovi,42.179335,42.970747,7/1/2013,July,GBIF
Anopheles sacharovi,42.29763,44.752941,7/1/2013,July,GBIF
Anopheles sacharovi,43.107149,41.167678,7/1/2013,July,GBIF
Anopheles sacharovi,41.54343,43.329861,7/1/2013,July,GBIF
Anopheles sacharovi,41.717593,44.824596,7/1/2013,July,GBIF
Anopheles sacharovi,41.583439,44.913159,10/6/2020,October,VectorMap_Mosquitoes
Anopheles sacharovi,41.582291,44.912475,10/9/2020,October,VectorMap_Mosquitoes
Anopheles sacharovi,41.4459,45.2158,NA,NA,GBIF
Culex pipiens,41.6324,41.6113,8/5/2014,August,GBIF
Culex pipiens,41.6272,41.6171,8/5/2014,August,GBIF
Culex pipiens,41.6342,41.6186,8/5/2014,August,GBIF
Culex pipiens,41.6002,41.6145,8/5/2014,August,GBIF
Culex pipiens,41.6245,41.6101,8/5/2014,August,GBIF
Culex pipiens,41.6342,41.6343,8/6/2014,August,GBIF
Culex pipiens,41.6382,41.6481,8/6/2014,August,GBIF
Culex pipiens,41.5989,41.6041,8/8/2014,August,GBIF
Culex pipiens,41.644,41.6522,8/10/2014,August,GBIF
Culex pipiens,41.6045,41.6307,8/10/2014,August,GBIF
Culex pipiens,41.6325,41.6381,8/13/2014,August,GBIF
Culex pipiens,41.6437,41.6442,8/14/2014,August,GBIF
Culex pipiens,42.69551,42.249841,7/12/2017,July,GBIF
Culex pipiens,41.648434,42.088157,7/12/2017,July,GBIF
Culex pipiens,42.179335,42.970747,7/12/2017,July,GBIF
Culex pipiens,41.499874,44.500634,7/12/2017,July,GBIF
Culex pipiens,41.717593,44.824596,7/12/2017,July,GBIF
Culex pipiens,41.33974,43.491862,10/9/2017,October,GBIF
Culex pipiens,41.816568,46.19151,10/11/2017,October,GBIF
Culex pipiens,41.708176,46.087447,10/11/2017,October,GBIF
Culex pipiens,43.178757,40.294086,2/9/2018,February,GBIF
Culex pipiens,43.32365,40.225651,2/9/2018,February,GBIF
Culex pipiens,43.152336,40.335236,2/9/2018,February,GBIF
Culex pipiens,42.930984,41.102802,3/9/2018,March,GBIF
Culex pipiens,42.631,41.751048,3/9/2018,March,GBIF
Culex pipiens,43.101753,40.635292,3/9/2018,March,GBIF
Culex pipiens,43.088917,40.818455,3/9/2018,March,GBIF
Culex pipiens,42.125615,44.019696,5/15/2018,May,GBIF
Culex pipiens,41.750998,45.008212,5/28/2019,May,VectorMap_Mosquitoes
Culex pipiens,41.752172,45.0079,5/28/2019,May,VectorMap_Mosquitoes
Culex pipiens,41.783918,44.924662,5/28/2019,May,VectorMap_Mosquitoes
Culex pipiens,41.825273,44.820773,5/28/2019,May,VectorMap_Mosquitoes
Culex pipiens,41.448108,44.588075,5/30/2019,May,VectorMap_Mosquitoes
Culex pipiens,41.527151,44.775172,5/30/2019,May,VectorMap_Mosquitoes
Culex pipiens,41.592783,44.940365,5/30/2019,May,VectorMap_Mosquitoes
Culex pipiens,41.806064,44.774873,10/5/2019,October,VectorMap_Mosquitoes
Culex pipiens,41.753592,45.007213,6/16/2020,June,VectorMap_Mosquitoes
Culex pipiens,41.751216,45.009201,6/16/2020,June,VectorMap_Mosquitoes
Culex pipiens,41.581333,44.911508,6/23/2020,June,VectorMap_Mosquitoes
Culex pipiens,41.583267,44.91575,6/23/2020,June,VectorMap_Mosquitoes
Culex pipiens,41.585199,44.919894,6/23/2020,June,VectorMap_Mosquitoes
Culex pipiens,41.687744,45.054772,6/30/2020,June,VectorMap_Mosquitoes
Culex pipiens,41.634062,45.048166,6/30/2020,June,VectorMap_Mosquitoes
Culex pipiens,41.6731,45.059276,6/30/2020,June,VectorMap_Mosquitoes
Culex pipiens,41.623408,45.041997,6/30/2020,June,VectorMap_Mosquitoes
Culex pipiens,41.687744,45.054772,7/1/2020,July,VectorMap_Mosquitoes
Culex pipiens,41.633818,45.048612,7/1/2020,July,VectorMap_Mosquitoes
Culex pipiens,41.673162,45.059357,7/1/2020,July,VectorMap_Mosquitoes
Culex pipiens,41.674052,45.056344,7/1/2020,July,VectorMap_Mosquitoes
Culex pipiens,41.629074,45.039058,7/1/2020,July,VectorMap_Mosquitoes
Culex pipiens,41.676209,45.062038,7/1/2020,July,VectorMap_Mosquitoes
Culex pipiens,42.994299,41.634159,8/11/2020,August,VectorMap_Mosquitoes
Culex pipiens,42.995307,41.631832,8/11/2020,August,VectorMap_Mosquitoes
Culex pipiens,43.116082,41.65393,8/12/2020,August,VectorMap_Mosquitoes
Culex pipiens,43.112344,41.649474,8/12/2020,August,VectorMap_Mosquitoes
Culex pipiens,42.714682,42.242519,9/1/2020,September,VectorMap_Mosquitoes
Culex pipiens,42.71801,42.232213,9/1/2020,September,VectorMap_Mosquitoes
Culex pipiens,42.716754,42.245614,9/1/2020,September,VectorMap_Mosquitoes
Culex pipiens,42.714806,42.231922,9/2/2020,September,VectorMap_Mosquitoes
Culex pipiens,42.716992,42.23481,9/3/2020,September,VectorMap_Mosquitoes
Culex pipiens,41.673673,45.060636,9/10/2020,September,VectorMap_Mosquitoes
Culex pipiens,41.677414,45.060121,9/10/2020,September,VectorMap_Mosquitoes
Culex pipiens,41.679596,45.055663,9/10/2020,September,VectorMap_Mosquitoes
Culex pipiens,43.107149,41.167678,9/21/2020,September,GBIF
Culex pipiens,41.750783,45.008546,9/29/2020,September,VectorMap_Mosquitoes
Culex pipiens,41.752913,45.007943,9/29/2020,September,VectorMap_Mosquitoes
Culex pipiens,41.75073,45.00866,10/1/2020,October,VectorMap_Mosquitoes
Culex pipiens,41.752897,45.007872,10/1/2020,October,VectorMap_Mosquitoes
Culex pipiens,41.584429,44.917583,10/6/2020,October,VectorMap_Mosquitoes
Culex pipiens,41.581467,44.912272,10/6/2020,October,VectorMap_Mosquitoes
Culex pipiens,41.583439,44.913159,10/6/2020,October,VectorMap_Mosquitoes
Culex pipiens,41.979417,44.115298,10/20/2020,October,VectorMap_Mosquitoes
Culex pipiens,41.58508,44.920012,5/5/2021,May,VectorMap_Mosquitoes
Culex pipiens,41.583254,44.913159,5/5/2021,May,VectorMap_Mosquitoes
Culex pipiens,41.581401,44.912293,5/5/2021,May,VectorMap_Mosquitoes
Culex pipiens,41.580973,44.90723,5/5/2021,May,VectorMap_Mosquitoes
Culex pipiens,42.714403,42.242487,5/19/2021,May,VectorMap_Mosquitoes
Culex pipiens,42.717917,42.232752,5/19/2021,May,VectorMap_Mosquitoes
Culex pipiens,42.718872,42.245016,5/19/2021,May,VectorMap_Mosquitoes
Culex pipiens,42.04291,42.246415,5/19/2021,May,VectorMap_Mosquitoes
Culex pipiens,42.049246,42.251787,5/19/2021,May,VectorMap_Mosquitoes
Culex pipiens,42.037938,42.24365,5/20/2021,May,VectorMap_Mosquitoes
Culex pipiens,42.036054,42.238942,6/1/2021,June,VectorMap_Mosquitoes
Culex pipiens,42.042903,42.246347,6/1/2021,June,VectorMap_Mosquitoes
Culex pipiens,41.980549,44.116028,6/2/2021,June,VectorMap_Mosquitoes
Culex pipiens,42.004537,44.10533,6/2/2021,June,VectorMap_Mosquitoes
Culex pipiens,42.008107,44.098763,6/2/2021,June,VectorMap_Mosquitoes
Culex pipiens,42.012754,44.09589,6/2/2021,June,VectorMap_Mosquitoes
Culex pipiens,41.603327,41.611394,6/16/2021,June,VectorMap_Mosquitoes
Culex pipiens,41.574126,41.663653,6/16/2021,June,VectorMap_Mosquitoes
Culex pipiens,41.638526,41.61981,6/16/2021,June,VectorMap_Mosquitoes
Culex pipiens,41.575184,41.664695,6/17/2021,June,VectorMap_Mosquitoes
Culex pipiens,41.675493,45.061016,6/29/2021,June,VectorMap_Mosquitoes
Culex pipiens,41.666283,45.057255,6/29/2021,June,VectorMap_Mosquitoes
Culex pipiens,41.672594,45.05693,6/30/2021,June,VectorMap_Mosquitoes
Culex pipiens,41.750883,45.009265,7/1/2021,July,VectorMap_Mosquitoes
Culex pipiens,41.752593,45.007878,7/1/2021,July,VectorMap_Mosquitoes
Culex pipiens,41.679707,45.05584,7/1/2021,July,VectorMap_Mosquitoes
Culex pipiens,41.666241,45.057261,7/1/2021,July,VectorMap_Mosquitoes
Culex pipiens,42.996333,41.634003,7/14/2021,July,VectorMap_Mosquitoes
Culex pipiens,42.995731,41.631152,7/14/2021,July,VectorMap_Mosquitoes
Culex pipiens,43.116223,41.653825,7/14/2021,July,VectorMap_Mosquitoes
Culex pipiens,43.111509,41.649299,7/16/2021,July,VectorMap_Mosquitoes
Culex pipiens,41.91667,45.48333,9/21/2021,September,VectorMap_Mosquitoes
Culex pipiens,41.767433,45.773121,5/17/2023,May,GBIF
Culex pipiens,41.54343,43.329861,5/17/2023,May,GBIF
Culex pipiens,41.684002,41.859802,NA,NA,GBIF
Culex pipiens,41.806127,44.774704,NA,NA,VectorMap_Mosquitoes
Culex theileri,41.54343,43.329861,5/15/2018,May,GBIF
Culex theileri,43.107149,41.167678,5/5/2020,May,GBIF
Culex theileri,41.581333,44.911508,6/23/2020,June,VectorMap_Mosquitoes
Culex theileri,41.583267,44.91575,6/23/2020,June,VectorMap_Mosquitoes
Culex theileri,41.585199,44.919894,6/23/2020,June,VectorMap_Mosquitoes
Culex theileri,41.634062,45.048166,6/30/2020,June,VectorMap_Mosquitoes
Culex theileri,41.623408,45.041997,6/30/2020,June,VectorMap_Mosquitoes
Culex theileri,41.687744,45.054772,7/1/2020,July,VectorMap_Mosquitoes
Culex theileri,41.633818,45.048612,7/1/2020,July,VectorMap_Mosquitoes
Culex theileri,41.676209,45.062038,7/1/2020,July,VectorMap_Mosquitoes
Culex theileri,42.994299,41.634159,8/11/2020,August,VectorMap_Mosquitoes
Culex theileri,43.115551,41.653985,8/12/2020,August,VectorMap_Mosquitoes
Culex theileri,43.112344,41.649474,8/12/2020,August,VectorMap_Mosquitoes
Culex theileri,42.71801,42.232213,9/1/2020,September,VectorMap_Mosquitoes
Culex theileri,41.679619,45.055699,9/17/2020,September,VectorMap_Mosquitoes
Culex theileri,41.584119,44.919082,10/6/2020,October,VectorMap_Mosquitoes
Culex theileri,41.581363,44.912291,10/7/2020,October,VectorMap_Mosquitoes
Culex theileri,41.603327,41.611394,6/16/2021,June,VectorMap_Mosquitoes
Culex theileri,41.638526,41.61981,6/16/2021,June,VectorMap_Mosquitoes
Culex theileri,43.116223,41.653825,7/14/2021,July,VectorMap_Mosquitoes
Culex theileri,43.111509,41.649299,7/16/2021,July,VectorMap_Mosquitoes
Culex tritaeniorhynchus,41.717593,44.824596,10/11/2016,October,GBIF
Culex tritaeniorhynchus,41.499874,44.500634,7/12/2017,July,GBIF
Culex tritaeniorhynchus,41.623408,45.041997,6/30/2020,June,VectorMap_Mosquitoes
Culex tritaeniorhynchus,41.677414,45.060121,9/10/2020,September,VectorMap_Mosquitoes
Culex tritaeniorhynchus,41.679619,45.055699,9/17/2020,September,VectorMap_Mosquitoes
Culex tritaeniorhynchus,41.75073,45.00866,10/1/2020,October,VectorMap_Mosquitoes
Culex tritaeniorhynchus,41.585184,44.920039,10/6/2020,October,VectorMap_Mosquitoes
Culex tritaeniorhynchus,41.583439,44.913159,10/6/2020,October,VectorMap_Mosquitoes
Culex tritaeniorhynchus,41.581836,44.910681,10/6/2020,October,VectorMap_Mosquitoes
Culex tritaeniorhynchus,41.4459,45.2158,NA,NA,GBIF
Culex tritaeniorhynchus,41.806127,44.774704,NA,NA,VectorMap_Mosquitoes
Culiseta annulata,41.717593,44.824596,6/29/2017,June,GBIF
Culiseta annulata,41.585155,44.919886,6/24/2020,June,VectorMap_Mosquitoes
Culiseta annulata,41.583423,44.914369,6/24/2020,June,VectorMap_Mosquitoes
Culiseta annulata,41.581187,44.909251,6/26/2020,June,VectorMap_Mosquitoes
Culiseta annulata,41.623408,45.041997,6/30/2020,June,VectorMap_Mosquitoes
Culiseta annulata,43.115551,41.653985,8/12/2020,August,VectorMap_Mosquitoes
Culiseta annulata,42.995015,41.633567,8/12/2020,August,VectorMap_Mosquitoes
Culiseta annulata,41.751286,45.008128,10/1/2020,October,VectorMap_Mosquitoes
Culiseta annulata,41.979417,44.115298,10/21/2020,October,VectorMap_Mosquitoes
Culiseta annulata,41.601698,41.613883,6/18/2021,June,VectorMap_Mosquitoes
Culiseta annulata,41.748352,44.647617,NA,NA,GBIF
Culiseta annulata,41.687756,44.857844,NA,NA,GBIF
Dermacentor marginatus,43.04311,41.66493,5/12/2009,May,VectorMap_Ticks
Dermacentor marginatus,43.02594,41.66404,5/13/2009,May,VectorMap_Ticks
Dermacentor marginatus,41.79193,42.0377,9/16/2009,September,VectorMap_Ticks
Dermacentor marginatus,42.56357,42.26169,9/22/2009,September,VectorMap_Ticks
Dermacentor marginatus,42.6793,42.16806,9/24/2009,September,VectorMap_Ticks
Dermacentor marginatus,43.26805555,41.35305555,5/25/2010,May,VectorMap_Ticks
Dermacentor marginatus,41.36972222,43.45972222,5/25/2010,May,VectorMap_Ticks
Dermacentor marginatus,41.47222222,43.35388888,5/25/2010,May,VectorMap_Ticks
Dermacentor marginatus,41.70916666,43.50694444,5/25/2010,May,VectorMap_Ticks
Dermacentor marginatus,41.65361111,43.45888888,5/25/2010,May,VectorMap_Ticks
Dermacentor marginatus,41.75194444,43.63444444,5/25/2010,May,VectorMap_Ticks
Dermacentor marginatus,41.5025,43.80916666,5/25/2010,May,VectorMap_Ticks
Dermacentor marginatus,42.28027777,41.79,6/1/2010,June,VectorMap_Ticks
Dermacentor marginatus,42.23027777,41.70638888,6/1/2010,June,VectorMap_Ticks
Dermacentor marginatus,42.29138888,41.64,6/1/2010,June,VectorMap_Ticks
Dermacentor marginatus,42.21,41.73388888,6/1/2010,June,VectorMap_Ticks
Dermacentor marginatus,41.67786,41.72223,6/3/2010,June,VectorMap_Ticks
Dermacentor marginatus,41.63102,44.63377,9/20/2010,September,VectorMap_Ticks
Dermacentor marginatus,41.56453,44.52397,9/21/2010,September,VectorMap_Ticks
Dermacentor marginatus,41.59967,44.78578,9/22/2010,September,VectorMap_Ticks
Dermacentor marginatus,41.72655,42.05857,10/5/2011,October,VectorMap_Ticks
Dermacentor marginatus,41.239,43.59901,6/11/2012,June,VectorMap_Ticks
Dermacentor marginatus,41.42023,45.98237,4/11/2014,April,VectorMap_Ticks
Dermacentor marginatus,41.28881,46.459,4/13/2014,April,VectorMap_Ticks
Dermacentor marginatus,43.2231,41.57055,4/13/2014,April,VectorMap_Ticks
Dermacentor marginatus,41.57055,43.2231,4/13/2014,April,Georgia_Ticks
Dermacentor marginatus,41.34254,44.16829,7/23/2014,July,VectorMap_Ticks
Dermacentor marginatus,42.978,41.65982,9/18/2014,September,VectorMap_Ticks
Dermacentor marginatus,41.65982,42.978,9/18/2014,September,Georgia_Ticks
Dermacentor marginatus,42.5948,43.3808,4/19/2018,April,GBIF
Dermacentor marginatus,42.0922,43.7022,4/19/2018,April,GBIF
Dermacentor marginatus,41.99184,43.62813,4/12/2019,April,VectorMap_Ticks
Dermacentor marginatus,43.112868,41.649429,5/21/2019,May,VectorMap_Ticks
Dermacentor marginatus,43.115629,41.653784,5/21/2019,May,VectorMap_Ticks
Dermacentor marginatus,43.130358,41.616589,5/21/2019,May,VectorMap_Ticks
Dermacentor marginatus,43.031838,41.639129,5/21/2019,May,VectorMap_Ticks
Dermacentor marginatus,41.367559,43.496108,5/21/2019,May,VectorMap_Ticks
Dermacentor marginatus,41.63912931,43.03183765,5/21/2019,May,Georgia_Ticks
Dermacentor marginatus,41.6165893,43.13035755,5/21/2019,May,Georgia_Ticks
Dermacentor marginatus,41.64942872,43.11286802,5/21/2019,May,Georgia_Ticks
Dermacentor marginatus,41.65378445,43.11562889,5/21/2019,May,Georgia_Ticks
Dermacentor marginatus,41.850943,44.470651,3/7/2020,March,VectorMap_Ticks
Dermacentor marginatus,42.0764,43.6341,3/9/2021,March,GBIF
Dermacentor marginatus,41.753998,45.007522,3/9/2021,March,VectorMap_Ticks
Dermacentor marginatus,42.076593,43.631299,3/22/2021,March,VectorMap_Ticks
Dermacentor marginatus,42.080745,43.645643,3/22/2021,March,VectorMap_Ticks
Dermacentor marginatus,42.030961,43.796959,3/22/2021,March,VectorMap_Ticks
Dermacentor marginatus,42.99459,41.630941,3/23/2021,March,VectorMap_Ticks
Dermacentor marginatus,42.865512,41.619555,3/23/2021,March,VectorMap_Ticks
Dermacentor marginatus,43.027777,41.641776,3/23/2021,March,VectorMap_Ticks
Dermacentor marginatus,43.047608,41.632515,3/23/2021,March,VectorMap_Ticks
Dermacentor marginatus,41.63094146,42.9945901,3/23/2021,March,Georgia_Ticks
Dermacentor marginatus,41.6195552,42.8655121,3/23/2021,March,Georgia_Ticks
Dermacentor marginatus,41.64177643,43.02777674,3/23/2021,March,Georgia_Ticks
Dermacentor marginatus,41.63251503,43.04760837,3/23/2021,March,Georgia_Ticks
Dermacentor marginatus,41.62504009,42.85043042,3/24/2021,March,Georgia_Ticks
Dermacentor marginatus,41.978409,43.568813,3/26/2021,March,VectorMap_Ticks
Dermacentor marginatus,41.657423,44.727758,4/8/2021,April,VectorMap_Ticks
Dermacentor marginatus,41.656092,44.578237,4/8/2021,April,VectorMap_Ticks
Dermacentor marginatus,41.552963,44.494642,4/8/2021,April,VectorMap_Ticks
Dermacentor marginatus,41.866127,45.280242,4/19/2021,April,VectorMap_Ticks
Dermacentor marginatus,41.764399,45.864883,4/20/2021,April,VectorMap_Ticks
Dermacentor marginatus,41.76069,45.840389,4/20/2021,April,VectorMap_Ticks
Dermacentor marginatus,43.062481,42.321781,5/2/2021,May,VectorMap_Ticks
Dermacentor marginatus,42.3217812,43.0624805,5/2/2021,May,Georgia_Ticks
Dermacentor marginatus,42.023993,43.636608,5/17/2021,May,VectorMap_Ticks
Dermacentor marginatus,42.02106,44.285866,6/2/2021,June,VectorMap_Ticks
Dermacentor marginatus,41.903588,45.137916,9/20/2021,September,VectorMap_Ticks
Dermacentor marginatus,41.866481,45.17188,9/20/2021,September,VectorMap_Ticks
Dermacentor marginatus,41.858194,45.235851,9/20/2021,September,VectorMap_Ticks
Dermacentor marginatus,41.864671,45.28191,9/20/2021,September,VectorMap_Ticks
Dermacentor marginatus,41.860351,45.333542,9/21/2021,September,VectorMap_Ticks
Dermacentor marginatus,42.030175,44.004783,10/21/2021,October,VectorMap_Ticks
Dermacentor marginatus,42.002452,44.279985,10/21/2021,October,VectorMap_Ticks
Dermacentor marginatus,41.682292,44.517521,10/22/2021,October,VectorMap_Ticks
Dermacentor marginatus,41.656401,44.584448,10/22/2021,October,VectorMap_Ticks
Dermacentor marginatus,41.72564,44.443734,10/22/2021,October,VectorMap_Ticks
Dermacentor marginatus,41.759989,44.504846,10/22/2021,October,VectorMap_Ticks
Dermacentor marginatus,41.946917,44.18344,10/29/2021,October,VectorMap_Ticks
Dermacentor marginatus,42.076308,43.646446,10/29/2021,October,VectorMap_Ticks
Dermacentor marginatus,42.058259,43.61576,10/29/2021,October,VectorMap_Ticks
Dermacentor marginatus,41.849207,44.474207,10/29/2021,October,VectorMap_Ticks
Dermacentor marginatus,41.941431,45.054271,11/2/2021,November,VectorMap_Ticks
Dermacentor marginatus,41.979916,44.939085,11/2/2021,November,VectorMap_Ticks
Dermacentor marginatus,41.59311303,44.68831457,4/6/2022,April,Georgia_Ticks
Dermacentor marginatus,42.05208063,43.71215454,4/14/2022,April,Georgia_Ticks
Dermacentor marginatus,42.07822421,43.64587613,4/14/2022,April,Georgia_Ticks
Dermacentor marginatus,42.04012021,43.61853376,4/14/2022,April,Georgia_Ticks
Dermacentor marginatus,41.97874943,43.56827954,4/14/2022,April,Georgia_Ticks
Dermacentor marginatus,41.65647303,44.5853839,4/15/2022,April,Georgia_Ticks
Dermacentor marginatus,41.6817175,44.51807363,4/15/2022,April,Georgia_Ticks
Dermacentor marginatus,41.75981827,44.50494644,4/15/2022,April,Georgia_Ticks
Dermacentor marginatus,41.92078284,45.42437997,4/19/2022,April,Georgia_Ticks
Dermacentor marginatus,41.86397106,45.33957527,4/19/2022,April,Georgia_Ticks
Dermacentor marginatus,41.95637406,45.0047683,4/21/2022,April,Georgia_Ticks
Dermacentor marginatus,41.9311237,45.08443862,4/21/2022,April,Georgia_Ticks
Dermacentor marginatus,41.90475094,45.13519675,4/21/2022,April,Georgia_Ticks
Dermacentor marginatus,41.86612038,45.17343636,4/21/2022,April,Georgia_Ticks
Dermacentor marginatus,43.091627,41.643339,4/27/2022,April,VectorMap_Ticks
Dermacentor marginatus,41.64597762,43.1056292,4/27/2022,April,Georgia_Ticks
Dermacentor marginatus,41.64333933,43.0916265,4/27/2022,April,Georgia_Ticks
Dermacentor marginatus,43.027569,41.642475,4/28/2022,April,VectorMap_Ticks
Dermacentor marginatus,41.64247507,43.0275693,4/28/2022,April,Georgia_Ticks
Dermacentor marginatus,42.03026493,44.00494894,5/12/2022,May,Georgia_Ticks
Dermacentor marginatus,42.05226374,43.71386874,5/12/2022,May,Georgia_Ticks
Dermacentor marginatus,42.07699678,43.64613723,5/12/2022,May,Georgia_Ticks
Dermacentor marginatus,42.03943732,43.61897182,5/12/2022,May,Georgia_Ticks
Dermacentor marginatus,41.9785845,43.56884032,5/12/2022,May,Georgia_Ticks
Dermacentor marginatus,41.99181002,43.62775039,5/12/2022,May,Georgia_Ticks
Dermacentor marginatus,41.6564889,44.58501056,5/13/2022,May,Georgia_Ticks
Dermacentor marginatus,41.681779,44.518436,5/13/2022,May,Georgia_Ticks
Dermacentor marginatus,41.75924893,44.50439724,5/13/2022,May,Georgia_Ticks
Dermacentor marginatus,41.7882233,44.51943744,5/13/2022,May,Georgia_Ticks
Dermacentor marginatus,41.86018158,45.33434406,5/17/2022,May,Georgia_Ticks
Dermacentor marginatus,41.86520945,45.28124236,5/17/2022,May,Georgia_Ticks
Dermacentor marginatus,41.95650396,45.00475748,5/19/2022,May,Georgia_Ticks
Dermacentor marginatus,41.9054086,45.1336327,5/19/2022,May,Georgia_Ticks
Dermacentor marginatus,41.86589457,45.17339693,5/19/2022,May,Georgia_Ticks
Dermacentor marginatus,41.978449,43.569052,6/16/2022,June,Georgia_Ticks
Dermacentor marginatus,42.029819,44.006242,7/5/2022,July,Georgia_Ticks
Dermacentor marginatus,42.03009244,44.00587571,9/8/2022,September,Georgia_Ticks
Dermacentor marginatus,42.04011747,43.61853712,9/8/2022,September,Georgia_Ticks
Dermacentor marginatus,41.97861805,43.56917443,9/8/2022,September,Georgia_Ticks
Dermacentor marginatus,41.9916624,43.62876726,9/8/2022,September,Georgia_Ticks
Dermacentor marginatus,41.68316817,43.01487758,9/27/2022,September,Georgia_Ticks
Dermacentor marginatus,41.63116455,42.99557712,9/27/2022,September,Georgia_Ticks
Dermacentor marginatus,41.64242554,43.02751813,9/27/2022,September,Georgia_Ticks
Dermacentor marginatus,41.66844293,44.69342484,10/3/2022,October,Georgia_Ticks
Dermacentor marginatus,42.04006958,43.61859619,10/7/2022,October,Georgia_Ticks
Dermacentor marginatus,41.99119639,43.62940146,10/7/2022,October,Georgia_Ticks
Dermacentor marginatus,41.95583884,45.00372598,10/20/2022,October,Georgia_Ticks
Dermacentor marginatus,41.93069379,45.08371161,10/20/2022,October,Georgia_Ticks
Dermacentor marginatus,41.90475464,45.13666256,10/20/2022,October,Georgia_Ticks
Dermacentor marginatus,41.86584473,45.17320207,10/20/2022,October,Georgia_Ticks
Dermacentor marginatus,41.63217163,42.99549094,10/24/2022,October,Georgia_Ticks
Dermacentor marginatus,41.64266968,43.02788201,10/25/2022,October,Georgia_Ticks
Dermacentor marginatus,41.742525,44.669181,NA,NA,GBIF
Dermacentor marginatus,41.700256,44.809357,NA,NA,GBIF
Dermacentor reticulatus,41.47638888,43.65583333,5/25/2010,May,VectorMap_Ticks
Dermacentor reticulatus,41.54343,43.329861,10/1/2010,October,GBIF
Dermacentor reticulatus,41.648434,42.088157,10/1/2010,October,GBIF
Dermacentor reticulatus,42.673345,43.142596,10/1/2010,October,GBIF
Dermacentor reticulatus,42.29763,44.752941,10/1/2010,October,GBIF
Dermacentor reticulatus,42.125615,44.019696,10/1/2010,October,GBIF
Dermacentor reticulatus,42.179335,42.970747,10/1/2010,October,GBIF
Dermacentor reticulatus,41.717593,44.824596,10/1/2010,October,GBIF
Dermacentor reticulatus,41.767433,45.773121,10/1/2010,October,GBIF
Dermacentor reticulatus,41.499874,44.500634,10/1/2010,October,GBIF
Dermacentor reticulatus,41.966948,42.15628,10/1/2010,October,GBIF
Dermacentor reticulatus,42.69551,42.249841,10/1/2010,October,GBIF
Dermacentor reticulatus,43.107149,41.167678,10/1/2010,October,GBIF
Dermacentor reticulatus,42.995434,41.636262,9/11/2018,September,VectorMap_Ticks
Dermacentor reticulatus,41.636262,42.995434,9/11/2018,September,Georgia_Ticks
Dermacentor reticulatus,41.99184,43.62813,4/12/2019,April,VectorMap_Ticks
Dermacentor reticulatus,41.991525,43.626437,5/20/2019,May,VectorMap_Ticks
Dermacentor reticulatus,41.389909,43.490084,5/21/2019,May,VectorMap_Ticks
Dermacentor reticulatus,42.995454,41.635977,5/22/2019,May,VectorMap_Ticks
Dermacentor reticulatus,41.635977,42.995454,5/22/2019,May,Georgia_Ticks
Dermacentor reticulatus,41.739532,44.593305,2/22/2020,February,VectorMap_Ticks
Dermacentor reticulatus,41.736359,44.590797,2/22/2020,February,VectorMap_Ticks
Dermacentor reticulatus,41.75412,45.007251,9/30/2020,September,VectorMap_Ticks
Dermacentor reticulatus,42.99459,41.630941,3/23/2021,March,VectorMap_Ticks
Dermacentor reticulatus,42.993303,41.635447,3/23/2021,March,VectorMap_Ticks
Dermacentor reticulatus,43.027777,41.641776,3/23/2021,March,VectorMap_Ticks
Dermacentor reticulatus,41.63094146,42.9945901,3/23/2021,March,Georgia_Ticks
Dermacentor reticulatus,41.63544656,42.99330298,3/23/2021,March,Georgia_Ticks
Dermacentor reticulatus,41.64177643,43.02777674,3/23/2021,March,Georgia_Ticks
Dermacentor reticulatus,41.667056,44.694392,4/8/2021,April,VectorMap_Ticks
Dermacentor reticulatus,41.656092,44.578237,4/8/2021,April,VectorMap_Ticks
Dermacentor reticulatus,41.552963,44.494642,4/8/2021,April,VectorMap_Ticks
Dermacentor reticulatus,41.827408,45.138068,4/19/2021,April,VectorMap_Ticks
Dermacentor reticulatus,41.866127,45.280242,4/19/2021,April,VectorMap_Ticks
Dermacentor reticulatus,41.865463,45.343626,4/19/2021,April,VectorMap_Ticks
Dermacentor reticulatus,41.826543,45.137965,9/20/2021,September,VectorMap_Ticks
Dermacentor reticulatus,41.903588,45.137916,9/20/2021,September,VectorMap_Ticks
Dermacentor reticulatus,41.931186,45.084103,9/20/2021,September,VectorMap_Ticks
Dermacentor reticulatus,41.866481,45.17188,9/20/2021,September,VectorMap_Ticks
Dermacentor reticulatus,41.858194,45.235851,9/20/2021,September,VectorMap_Ticks
Dermacentor reticulatus,41.864671,45.28191,9/20/2021,September,VectorMap_Ticks
Dermacentor reticulatus,41.928266,45.42176,9/20/2021,September,VectorMap_Ticks
Dermacentor reticulatus,41.860351,45.333542,9/21/2021,September,VectorMap_Ticks
Dermacentor reticulatus,41.682292,44.517521,10/22/2021,October,VectorMap_Ticks
Dermacentor reticulatus,41.656401,44.584448,10/22/2021,October,VectorMap_Ticks
Dermacentor reticulatus,41.72564,44.443734,10/22/2021,October,VectorMap_Ticks
Dermacentor reticulatus,41.759989,44.504846,10/22/2021,October,VectorMap_Ticks
Dermacentor reticulatus,42.040019,43.618579,10/29/2021,October,VectorMap_Ticks
Dermacentor reticulatus,41.904882,45.135992,11/2/2021,November,VectorMap_Ticks
Dermacentor reticulatus,41.931116,45.084045,11/2/2021,November,VectorMap_Ticks
Dermacentor reticulatus,41.941431,45.054271,11/2/2021,November,VectorMap_Ticks
Dermacentor reticulatus,41.960567,45.002969,11/2/2021,November,VectorMap_Ticks
Dermacentor reticulatus,41.979916,44.939085,11/2/2021,November,VectorMap_Ticks
Dermacentor reticulatus,41.872431,44.910499,11/2/2021,November,VectorMap_Ticks
Dermacentor reticulatus,41.786518,44.94237,11/2/2021,November,VectorMap_Ticks
Dermacentor reticulatus,41.577224,44.63975252,4/6/2022,April,Georgia_Ticks
Dermacentor reticulatus,42.0301819,44.00662975,4/14/2022,April,Georgia_Ticks
Dermacentor reticulatus,41.65647303,44.5853839,4/15/2022,April,Georgia_Ticks
Dermacentor reticulatus,41.6817175,44.51807363,4/15/2022,April,Georgia_Ticks
Dermacentor reticulatus,41.78813204,44.51967912,4/15/2022,April,Georgia_Ticks
Dermacentor reticulatus,41.86397106,45.33957527,4/19/2022,April,Georgia_Ticks
Dermacentor reticulatus,41.8722919,44.91028514,4/21/2022,April,Georgia_Ticks
Dermacentor reticulatus,41.95637406,45.0047683,4/21/2022,April,Georgia_Ticks
Dermacentor reticulatus,41.9311237,45.08443862,4/21/2022,April,Georgia_Ticks
Dermacentor reticulatus,41.90475094,45.13519675,4/21/2022,April,Georgia_Ticks
Dermacentor reticulatus,41.64597762,43.1056292,4/27/2022,April,Georgia_Ticks
Dermacentor reticulatus,43.027569,41.642475,4/28/2022,April,VectorMap_Ticks
Dermacentor reticulatus,41.64247507,43.0275693,4/28/2022,April,Georgia_Ticks
Dermacentor reticulatus,41.6564889,44.58501056,5/13/2022,May,Georgia_Ticks
Dermacentor reticulatus,41.681779,44.518436,5/13/2022,May,Georgia_Ticks
Dermacentor reticulatus,41.75924893,44.50439724,5/13/2022,May,Georgia_Ticks
Dermacentor reticulatus,41.7882233,44.51943744,5/13/2022,May,Georgia_Ticks
Dermacentor reticulatus,41.86018158,45.33434406,5/17/2022,May,Georgia_Ticks
Dermacentor reticulatus,41.86520945,45.28124236,5/17/2022,May,Georgia_Ticks
Dermacentor reticulatus,41.85859781,45.23599401,5/18/2022,May,Georgia_Ticks
Dermacentor reticulatus,41.9194327,45.1143366,5/19/2022,May,Georgia_Ticks
Dermacentor reticulatus,41.86589457,45.17339693,5/19/2022,May,Georgia_Ticks
Dermacentor reticulatus,41.95656931,45.00429877,6/22/2022,June,Georgia_Ticks
Dermacentor reticulatus,41.9916624,43.62876726,9/8/2022,September,Georgia_Ticks
Dermacentor reticulatus,41.87207453,44.90986224,9/22/2022,September,Georgia_Ticks
Dermacentor reticulatus,41.63226163,42.99520803,9/27/2022,September,Georgia_Ticks
Dermacentor reticulatus,41.64242554,43.02751813,9/27/2022,September,Georgia_Ticks
Dermacentor reticulatus,41.66844293,44.69342484,10/3/2022,October,Georgia_Ticks
Dermacentor reticulatus,41.6723492,44.3839592,10/3/2022,October,Georgia_Ticks
Dermacentor reticulatus,41.78843722,44.52084951,10/3/2022,October,Georgia_Ticks
Dermacentor reticulatus,41.97856504,43.56915778,10/7/2022,October,Georgia_Ticks
Dermacentor reticulatus,41.99119639,43.62940146,10/7/2022,October,Georgia_Ticks
Dermacentor reticulatus,41.86399011,45.33954102,10/18/2022,October,Georgia_Ticks
Dermacentor reticulatus,41.86473634,45.2813461,10/19/2022,October,Georgia_Ticks
Dermacentor reticulatus,41.85903509,45.23582022,10/19/2022,October,Georgia_Ticks
Dermacentor reticulatus,41.95583884,45.00372598,10/20/2022,October,Georgia_Ticks
Dermacentor reticulatus,41.93069379,45.08371161,10/20/2022,October,Georgia_Ticks
Dermacentor reticulatus,41.90475464,45.13666256,10/20/2022,October,Georgia_Ticks
Dermacentor reticulatus,41.86584473,45.17320207,10/20/2022,October,Georgia_Ticks
Dermacentor reticulatus,41.63217163,42.99549094,10/24/2022,October,Georgia_Ticks
Dermacentor reticulatus,41.64266968,43.02788201,10/25/2022,October,Georgia_Ticks
Haemaphysalis inermis,41.905637,42.595935,4/4/2018,April,VectorMap_Ticks
Haemaphysalis inermis,42.595935,41.905637,4/4/2018,April,Georgia_Ticks
Haemaphysalis inermis,42.68792,42.4,4/11/2019,April,VectorMap_Ticks
Haemaphysalis inermis,42.4,42.68792,4/11/2019,April,Georgia_Ticks
Haemaphysalis inermis,41.736351,44.587948,2/22/2020,February,VectorMap_Ticks
Haemaphysalis inermis,41.739532,44.593305,2/22/2020,February,VectorMap_Ticks
Haemaphysalis inermis,41.776981,44.922517,3/3/2020,March,VectorMap_Ticks
Haemaphysalis inermis,41.850943,44.470651,3/7/2020,March,VectorMap_Ticks
Haemaphysalis inermis,41.804474,44.760139,4/5/2020,April,VectorMap_Ticks
Haemaphysalis inermis,41.604279,44.806374,2/4/2021,February,VectorMap_Ticks
Haemaphysalis inermis,41.600443,44.798774,2/4/2021,February,VectorMap_Ticks
Haemaphysalis inermis,41.899628,44.67996,2/11/2021,February,VectorMap_Ticks
Haemaphysalis inermis,41.804901,44.756999,3/5/2021,March,VectorMap_Ticks
Haemaphysalis inermis,41.753998,45.007522,3/9/2021,March,VectorMap_Ticks
Haemaphysalis inermis,42.076593,43.631299,3/22/2021,March,VectorMap_Ticks
Haemaphysalis inermis,42.080745,43.645643,3/22/2021,March,VectorMap_Ticks
Haemaphysalis inermis,41.906562,43.463272,3/26/2021,March,VectorMap_Ticks
Haemaphysalis inermis,41.736786,44.853001,4/6/2021,April,VectorMap_Ticks
Haemaphysalis inermis,41.657423,44.727758,4/8/2021,April,VectorMap_Ticks
Haemaphysalis inermis,41.552963,44.494642,4/8/2021,April,VectorMap_Ticks
Haemaphysalis inermis,41.827408,45.138068,4/19/2021,April,VectorMap_Ticks
Haemaphysalis inermis,41.524152,45.924239,4/21/2021,April,VectorMap_Ticks
Haemaphysalis inermis,41.753238,45.007901,5/6/2021,May,VectorMap_Ticks
Haemaphysalis inermis,42.019564,42.07285,5/20/2021,May,VectorMap_Ticks
Haemaphysalis inermis,42.07285032,42.01956376,5/20/2021,May,Georgia_Ticks
Haemaphysalis inermis,41.682292,44.517521,10/22/2021,October,VectorMap_Ticks
Haemaphysalis inermis,41.657747,44.727787,10/22/2021,October,VectorMap_Ticks
Haemaphysalis inermis,42.076308,43.646446,10/29/2021,October,VectorMap_Ticks
Haemaphysalis inermis,42.058259,43.61576,10/29/2021,October,VectorMap_Ticks
Haemaphysalis inermis,42.040019,43.618579,10/29/2021,October,VectorMap_Ticks
Haemaphysalis inermis,41.849207,44.474207,10/29/2021,October,VectorMap_Ticks
Haemaphysalis inermis,41.904882,45.135992,11/2/2021,November,VectorMap_Ticks
Haemaphysalis inermis,41.931116,45.084045,11/2/2021,November,VectorMap_Ticks
Haemaphysalis inermis,41.786518,44.94237,11/2/2021,November,VectorMap_Ticks
Haemaphysalis inermis,41.59311303,44.68831457,4/6/2022,April,Georgia_Ticks
Haemaphysalis inermis,41.577224,44.63975252,4/6/2022,April,Georgia_Ticks
Haemaphysalis inermis,42.04012021,43.61853376,4/14/2022,April,Georgia_Ticks
Haemaphysalis inermis,41.99202622,43.62859415,4/14/2022,April,Georgia_Ticks
Haemaphysalis inermis,41.6817175,44.51807363,4/15/2022,April,Georgia_Ticks
Haemaphysalis inermis,41.95637406,45.0047683,4/21/2022,April,Georgia_Ticks
Haemaphysalis inermis,41.9311237,45.08443862,4/21/2022,April,Georgia_Ticks
Haemaphysalis inermis,41.90475094,45.13519675,4/21/2022,April,Georgia_Ticks
Haemaphysalis inermis,41.86612038,45.17343636,4/21/2022,April,Georgia_Ticks
Haemaphysalis inermis,42.07699678,43.64613723,5/12/2022,May,Georgia_Ticks
Haemaphysalis inermis,42.03943732,43.61897182,5/12/2022,May,Georgia_Ticks
Haemaphysalis inermis,41.66885786,44.69497556,5/13/2022,May,Georgia_Ticks
Haemaphysalis inermis,41.681779,44.518436,5/13/2022,May,Georgia_Ticks
Haemaphysalis inermis,41.9054086,45.1336327,5/19/2022,May,Georgia_Ticks
Haemaphysalis inermis,41.86589457,45.17339693,5/19/2022,May,Georgia_Ticks
Haemaphysalis inermis,41.67104979,44.68457684,6/17/2022,June,Georgia_Ticks
Haemaphysalis inermis,41.93069379,45.08371161,10/20/2022,October,Georgia_Ticks
Haemaphysalis inermis,41.90475464,45.13666256,10/20/2022,October,Georgia_Ticks
Haemaphysalis inermis,41.86584473,45.17320207,10/20/2022,October,Georgia_Ticks
Haemaphysalis inermis,41.88067627,44.66993956,10/27/2022,October,Georgia_Ticks
Hyalomma aegyptium,41.44863,44.61026,9/22/2010,September,VectorMap_Ticks
Hyalomma aegyptium,41.5892,45.8479,6/7/2012,June,VectorMap_Ticks
Hyalomma aegyptium,41.826366,44.968397,6/6/2018,June,VectorMap_Ticks
Hyalomma aegyptium,41.549239,44.986866,6/26/2020,June,VectorMap_Ticks
Hyalomma aegyptium,41.421207,46.459144,4/21/2021,April,VectorMap_Ticks
Hyalomma aegyptium,41.44579,46.432444,4/21/2021,April,VectorMap_Ticks
Hyalomma aegyptium,41.735225,44.880689,8/19/2021,August,VectorMap_Ticks
Hyalomma aegyptium,41.80177853,44.76034319,4/24/2022,April,Georgia_Ticks
Hyalomma aegyptium,41.8073392,44.77161169,7/9/2022,July,Georgia_Ticks
Hyalomma aegyptium,41.447252,45.376551,NA,NA,GBIF
Hyalomma aegyptium,41.651759,44.841908,NA,NA,GBIF
Hyalomma aegyptium,41.19413,46.493072,NA,NA,GBIF
Hyalomma aegyptium,41.147345,46.378789,NA,NA,GBIF
Hyalomma aegyptium,41.286201,45.89856,NA,NA,GBIF
Hyalomma aegyptium,41.828458,44.75678,NA,NA,GBIF
Hyalomma aegyptium,41.450289,45.369993,NA,NA,GBIF
Hyalomma aegyptium,41.729979,44.715455,NA,NA,GBIF
Hyalomma aegyptium,41.7478,44.739021,NA,NA,GBIF
Hyalomma aegyptium,41.478113,45.199433,NA,NA,GBIF
Hyalomma marginatum,41.79193,42.0377,9/16/2009,September,VectorMap_Ticks
Hyalomma marginatum,41.5025,43.80916666,5/25/2010,May,VectorMap_Ticks
Hyalomma marginatum,41.64209,41.68701,6/3/2010,June,VectorMap_Ticks
Hyalomma marginatum,41.67786,41.72223,6/3/2010,June,VectorMap_Ticks
Hyalomma marginatum,41.54343,43.329861,7/1/2011,July,GBIF
Hyalomma marginatum,41.717593,44.824596,7/1/2011,July,GBIF
Hyalomma marginatum,42.673345,43.142596,7/1/2011,July,GBIF
Hyalomma marginatum,43.107149,41.167678,7/1/2011,July,GBIF
Hyalomma marginatum,41.648434,42.088157,7/1/2011,July,GBIF
Hyalomma marginatum,41.966948,42.15628,7/1/2011,July,GBIF
Hyalomma marginatum,42.179335,42.970747,7/1/2011,July,GBIF
Hyalomma marginatum,41.77433,42.03465,10/5/2011,October,VectorMap_Ticks
Hyalomma marginatum,41.79508,42.22443,10/5/2011,October,VectorMap_Ticks
Hyalomma marginatum,41.79571,42.22611,10/5/2011,October,VectorMap_Ticks
Hyalomma marginatum,41.72655,42.05857,10/5/2011,October,VectorMap_Ticks
Hyalomma marginatum,41.87405,42.3586,10/5/2011,October,VectorMap_Ticks
Hyalomma marginatum,41.73471,42.04339,10/5/2011,October,VectorMap_Ticks
Hyalomma marginatum,41.5664752,45.8454314,6/6/2012,June,VectorMap_Ticks
Hyalomma marginatum,41.551874,45.864836,6/6/2012,June,VectorMap_Ticks
Hyalomma marginatum,41.25296,46.23139,6/7/2012,June,VectorMap_Ticks
Hyalomma marginatum,41.5892,45.8479,6/7/2012,June,VectorMap_Ticks
Hyalomma marginatum,41.42295,46.17668,6/7/2012,June,VectorMap_Ticks
Hyalomma marginatum,41.47734,43.4688,6/13/2012,June,VectorMap_Ticks
Hyalomma marginatum,41.51646,43.39796,6/13/2012,June,VectorMap_Ticks
Hyalomma marginatum,41.42023,45.98237,4/11/2014,April,VectorMap_Ticks
Hyalomma marginatum,43.2231,41.57055,4/13/2014,April,VectorMap_Ticks
Hyalomma marginatum,41.57055,43.2231,4/13/2014,April,Georgia_Ticks
Hyalomma marginatum,41.29935,44.26072,7/17/2014,July,VectorMap_Ticks
Hyalomma marginatum,43.12564,41.62289,9/23/2014,September,VectorMap_Ticks
Hyalomma marginatum,41.62289,43.12564,9/23/2014,September,Georgia_Ticks
Hyalomma marginatum,42.9789,41.66055,5/3/2015,May,VectorMap_Ticks
Hyalomma marginatum,41.66055,42.9789,5/3/2015,May,Georgia_Ticks
Hyalomma marginatum,41.767433,45.773121,4/21/2017,April,GBIF
Hyalomma marginatum,41.499874,44.500634,4/21/2017,April,GBIF
Hyalomma marginatum,42.125615,44.019696,4/21/2017,April,GBIF
Hyalomma marginatum,42.69551,42.249841,6/30/2017,June,GBIF
Hyalomma marginatum,42.29763,44.752941,6/30/2017,June,GBIF
Hyalomma marginatum,41.3713,43.1801,5/27/2018,May,GBIF
Hyalomma marginatum,41.5669,43.2442,7/30/2019,July,GBIF
Hyalomma marginatum,41.819397,44.776998,4/14/2020,April,VectorMap_Ticks
Hyalomma marginatum,41.62504009,42.85043042,3/24/2021,March,Georgia_Ticks
Hyalomma marginatum,41.823669,46.229085,4/20/2021,April,Georgia_Ticks
Hyalomma marginatum,41.420453,46.390243,4/21/2021,April,Georgia_Ticks
Hyalomma marginatum,41.453599,46.398654,4/21/2021,April,Georgia_Ticks
Hyalomma marginatum,41.686918,44.736674,6/12/2021,June,VectorMap_Ticks
Hyalomma marginatum,41.896729,43.440532,6/14/2021,June,VectorMap_Ticks
Hyalomma marginatum,41.592016,42.311906,6/15/2021,June,VectorMap_Ticks
Hyalomma marginatum,42.273212,41.647812,6/15/2021,June,VectorMap_Ticks
Hyalomma marginatum,41.6478118,42.27321234,6/15/2021,June,Georgia_Ticks
Hyalomma marginatum,41.67782,45.05493,7/1/2021,July,Georgia_Ticks
Hyalomma marginatum,41.759618,44.950021,7/2/2021,July,VectorMap_Ticks
Hyalomma marginatum,41.90779,44.814578,5/11/2025,May,GBIF
Ixodes ricinus,42.21,41.73388888,6/1/2010,June,VectorMap_Ticks
Ixodes ricinus,41.64209,41.68701,6/3/2010,June,VectorMap_Ticks
Ixodes ricinus,41.62233,44.63447,9/20/2010,September,VectorMap_Ticks
Ixodes ricinus,41.63102,44.63377,9/20/2010,September,VectorMap_Ticks
Ixodes ricinus,41.56355,44.52456,9/21/2010,September,VectorMap_Ticks
Ixodes ricinus,41.59967,44.78578,9/22/2010,September,VectorMap_Ticks
Ixodes ricinus,42.179335,42.970747,10/1/2010,October,GBIF
Ixodes ricinus,42.673345,43.142596,10/1/2010,October,GBIF
Ixodes ricinus,43.107149,41.167678,10/1/2010,October,GBIF
Ixodes ricinus,41.966948,42.15628,10/1/2010,October,GBIF
Ixodes ricinus,41.717593,44.824596,10/1/2010,October,GBIF
Ixodes ricinus,42.5687,43.3795,9/13/2011,September,VectorMap_Ticks
Ixodes ricinus,42.57156,43.40141,9/13/2011,September,VectorMap_Ticks
Ixodes ricinus,42.58614,43.43578,9/13/2011,September,VectorMap_Ticks
Ixodes ricinus,42.64329,43.54627,9/14/2011,September,VectorMap_Ticks
Ixodes ricinus,42.590184,43.460627,9/15/2011,September,VectorMap_Ticks
Ixodes ricinus,42.570307,43.422904,9/15/2011,September,VectorMap_Ticks
Ixodes ricinus,42.54209,43.23961,9/15/2011,September,VectorMap_Ticks
Ixodes ricinus,42.56344,43.48018,9/15/2011,September,VectorMap_Ticks
Ixodes ricinus,42.56774,43.28365,9/15/2011,September,VectorMap_Ticks
Ixodes ricinus,42.792177,42.512159,9/16/2011,September,VectorMap_Ticks
Ixodes ricinus,42.866592,42.565851,9/16/2011,September,VectorMap_Ticks
Ixodes ricinus,42.71978,43.04146,9/16/2011,September,VectorMap_Ticks
Ixodes ricinus,42.73457,43.02883,9/16/2011,September,VectorMap_Ticks
Ixodes ricinus,43.03018,42.58112,9/20/2011,September,VectorMap_Ticks
Ixodes ricinus,41.73652,42.0402,10/5/2011,October,VectorMap_Ticks
Ixodes ricinus,41.87405,42.3586,10/5/2011,October,VectorMap_Ticks
Ixodes ricinus,41.73471,42.04339,10/5/2011,October,VectorMap_Ticks
Ixodes ricinus,41.27506,46.06397,6/5/2012,June,VectorMap_Ticks
Ixodes ricinus,41.6185865,45.922079,6/6/2012,June,VectorMap_Ticks
Ixodes ricinus,41.51774,45.93264,6/6/2012,June,VectorMap_Ticks
Ixodes ricinus,41.551874,45.864836,6/6/2012,June,VectorMap_Ticks
Ixodes ricinus,41.29935,44.26072,7/17/2014,July,VectorMap_Ticks
Ixodes ricinus,42.125615,44.019696,6/30/2017,June,GBIF
Ixodes ricinus,42.69551,42.249841,6/30/2017,June,GBIF
Ixodes ricinus,41.499874,44.500634,6/30/2017,June,GBIF
Ixodes ricinus,41.964662,42.655108,4/4/2018,April,VectorMap_Ticks
Ixodes ricinus,41.905637,42.595935,4/4/2018,April,VectorMap_Ticks
Ixodes ricinus,41.991512,42.660321,4/4/2018,April,VectorMap_Ticks
Ixodes ricinus,42.660321,41.991512,4/4/2018,April,Georgia_Ticks
Ixodes ricinus,42.655108,41.964662,4/4/2018,April,Georgia_Ticks
Ixodes ricinus,42.595935,41.905637,4/4/2018,April,Georgia_Ticks
Ixodes ricinus,41.70495,42.09403,4/9/2019,April,VectorMap_Ticks
Ixodes ricinus,42.09403,41.70495,4/9/2019,April,Georgia_Ticks
Ixodes ricinus,42.75371,42.43724,4/11/2019,April,VectorMap_Ticks
Ixodes ricinus,42.92136,42.55039,4/11/2019,April,VectorMap_Ticks
Ixodes ricinus,42.68792,42.4,4/11/2019,April,VectorMap_Ticks
Ixodes ricinus,42.80997,42.55512,4/11/2019,April,VectorMap_Ticks
Ixodes ricinus,42.43724,42.75371,4/11/2019,April,Georgia_Ticks
Ixodes ricinus,42.4,42.68792,4/11/2019,April,Georgia_Ticks
Ixodes ricinus,42.55512,42.80997,4/11/2019,April,Georgia_Ticks
Ixodes ricinus,42.55039,42.92136,4/11/2019,April,Georgia_Ticks
Ixodes ricinus,41.808622,44.77803,4/16/2019,April,VectorMap_Ticks
Ixodes ricinus,41.776944,44.922409,5/1/2019,May,VectorMap_Ticks
Ixodes ricinus,41.991525,43.626437,5/20/2019,May,VectorMap_Ticks
Ixodes ricinus,42.090029,42.414051,6/13/2019,June,VectorMap_Ticks
Ixodes ricinus,42.058148,42.281109,6/13/2019,June,VectorMap_Ticks
Ixodes ricinus,42.2811089,42.05814777,6/13/2019,June,Georgia_Ticks
Ixodes ricinus,42.41405134,42.09002949,6/13/2019,June,Georgia_Ticks
Ixodes ricinus,41.776981,44.922517,3/3/2020,March,VectorMap_Ticks
Ixodes ricinus,41.49689,44.157251,6/24/2020,June,VectorMap_Ticks
Ixodes ricinus,41.824387,44.967994,6/30/2020,June,VectorMap_Ticks
Ixodes ricinus,41.822255,44.989251,6/30/2020,June,VectorMap_Ticks
Ixodes ricinus,41.927916,44.676788,2/11/2021,February,VectorMap_Ticks
Ixodes ricinus,41.639701,45.024187,3/10/2021,March,VectorMap_Ticks
Ixodes ricinus,41.657423,44.727758,4/8/2021,April,VectorMap_Ticks
Ixodes ricinus,41.667056,44.694392,4/8/2021,April,VectorMap_Ticks
Ixodes ricinus,41.792469,44.530271,4/8/2021,April,VectorMap_Ticks
Ixodes ricinus,41.827408,45.138068,4/19/2021,April,VectorMap_Ticks
Ixodes ricinus,41.866127,45.280242,4/19/2021,April,VectorMap_Ticks
Ixodes ricinus,41.865463,45.343626,4/19/2021,April,VectorMap_Ticks
Ixodes ricinus,41.915419,45.388736,4/19/2021,April,VectorMap_Ticks
Ixodes ricinus,41.891395,45.450174,4/19/2021,April,VectorMap_Ticks
Ixodes ricinus,41.843242,46.284784,4/20/2021,April,VectorMap_Ticks
Ixodes ricinus,41.823669,46.229085,4/20/2021,April,Georgia_Ticks
Ixodes ricinus,41.86702,46.102914,4/20/2021,April,Georgia_Ticks
Ixodes ricinus,41.820447,46.3038,4/20/2021,April,Georgia_Ticks
Ixodes ricinus,41.842407,46.280605,4/20/2021,April,Georgia_Ticks
Ixodes ricinus,41.850671,46.281924,4/20/2021,April,Georgia_Ticks
Ixodes ricinus,41.802958,46.322651,4/20/2021,April,Georgia_Ticks
Ixodes ricinus,43.062481,42.321781,5/2/2021,May,VectorMap_Ticks
Ixodes ricinus,42.3217812,43.0624805,5/2/2021,May,Georgia_Ticks
Ixodes ricinus,42.560546,42.510494,5/18/2021,May,VectorMap_Ticks
Ixodes ricinus,42.51049381,42.56054565,5/18/2021,May,Georgia_Ticks
Ixodes ricinus,42.91961,42.550552,5/20/2021,May,VectorMap_Ticks
Ixodes ricinus,43.143327,42.470421,5/20/2021,May,VectorMap_Ticks
Ixodes ricinus,43.104251,42.456797,5/20/2021,May,VectorMap_Ticks
Ixodes ricinus,42.55055189,42.91960962,5/20/2021,May,Georgia_Ticks
Ixodes ricinus,42.47042142,43.14332669,5/20/2021,May,Georgia_Ticks
Ixodes ricinus,42.45679695,43.10425121,5/20/2021,May,Georgia_Ticks
Ixodes ricinus,41.59486747,41.94289662,6/3/2021,June,Georgia_Ticks
Ixodes ricinus,41.580835,42.333659,6/15/2021,June,VectorMap_Ticks
Ixodes ricinus,42.273212,41.647812,6/15/2021,June,VectorMap_Ticks
Ixodes ricinus,41.6478118,42.27321234,6/15/2021,June,Georgia_Ticks
Ixodes ricinus,41.566036,41.766707,6/16/2021,June,VectorMap_Ticks
Ixodes ricinus,41.82754982,44.97147239,6/29/2021,June,Georgia_Ticks
Ixodes ricinus,41.872403,44.910511,7/1/2021,July,VectorMap_Ticks
Ixodes ricinus,41.918346,44.924647,7/1/2021,July,VectorMap_Ticks
Ixodes ricinus,41.807619,43.314948,7/12/2021,July,VectorMap_Ticks
Ixodes ricinus,41.347065,44.30176,8/10/2021,August,VectorMap_Ticks
Ixodes ricinus,41.826543,45.137965,9/20/2021,September,VectorMap_Ticks
Ixodes ricinus,41.931186,45.084103,9/20/2021,September,VectorMap_Ticks
Ixodes ricinus,41.866481,45.17188,9/20/2021,September,VectorMap_Ticks
Ixodes ricinus,41.858194,45.235851,9/20/2021,September,VectorMap_Ticks
Ixodes ricinus,41.860351,45.333542,9/21/2021,September,VectorMap_Ticks
Ixodes ricinus,41.957823,45.521346,9/23/2021,September,Georgia_Ticks
Ixodes ricinus,41.657747,44.727787,10/22/2021,October,VectorMap_Ticks
Ixodes ricinus,41.656401,44.584448,10/22/2021,October,VectorMap_Ticks
Ixodes ricinus,41.904882,45.135992,11/2/2021,November,VectorMap_Ticks
Ixodes ricinus,41.9187,44.923243,11/2/2021,November,VectorMap_Ticks
Ixodes ricinus,41.872431,44.910499,11/2/2021,November,VectorMap_Ticks
Ixodes ricinus,41.59311303,44.68831457,4/6/2022,April,Georgia_Ticks
Ixodes ricinus,41.92078284,45.42437997,4/19/2022,April,Georgia_Ticks
Ixodes ricinus,41.91950355,45.38881667,4/19/2022,April,Georgia_Ticks
Ixodes ricinus,41.86397106,45.33957527,4/19/2022,April,Georgia_Ticks
Ixodes ricinus,41.8722919,44.91028514,4/21/2022,April,Georgia_Ticks
Ixodes ricinus,41.95637406,45.0047683,4/21/2022,April,Georgia_Ticks
Ixodes ricinus,41.9311237,45.08443862,4/21/2022,April,Georgia_Ticks
Ixodes ricinus,41.90475094,45.13519675,4/21/2022,April,Georgia_Ticks
Ixodes ricinus,41.86612038,45.17343636,4/21/2022,April,Georgia_Ticks
Ixodes ricinus,41.99181002,43.62775039,5/12/2022,May,Georgia_Ticks
Ixodes ricinus,41.65710286,44.72728578,5/13/2022,May,Georgia_Ticks
Ixodes ricinus,41.66885786,44.69497556,5/13/2022,May,Georgia_Ticks
Ixodes ricinus,41.6564889,44.58501056,5/13/2022,May,Georgia_Ticks
Ixodes ricinus,41.7882233,44.51943744,5/13/2022,May,Georgia_Ticks
Ixodes ricinus,41.86405789,45.33947647,5/17/2022,May,Georgia_Ticks
Ixodes ricinus,41.91678495,45.38832419,5/17/2022,May,Georgia_Ticks
Ixodes ricinus,41.92060295,45.42442739,5/17/2022,May,Georgia_Ticks
Ixodes ricinus,41.85859781,45.23599401,5/18/2022,May,Georgia_Ticks
Ixodes ricinus,41.87254655,44.91041623,5/19/2022,May,Georgia_Ticks
Ixodes ricinus,41.91837322,44.92479653,5/19/2022,May,Georgia_Ticks
Ixodes ricinus,41.95650396,45.00475748,5/19/2022,May,Georgia_Ticks
Ixodes ricinus,41.9194327,45.1143366,5/19/2022,May,Georgia_Ticks
Ixodes ricinus,41.9054086,45.1336327,5/19/2022,May,Georgia_Ticks
Ixodes ricinus,41.86589457,45.17339693,5/19/2022,May,Georgia_Ticks
Ixodes ricinus,42.238036,42.71682322,6/6/2022,June,Georgia_Ticks
Ixodes ricinus,41.56571251,41.76647902,6/8/2022,June,Georgia_Ticks
Ixodes ricinus,42.32741485,42.82423496,6/9/2022,June,Georgia_Ticks
Ixodes ricinus,42.33509373,43.0403382,6/9/2022,June,Georgia_Ticks
Ixodes ricinus,42.32176161,43.06241579,6/9/2022,June,Georgia_Ticks
Ixodes ricinus,41.99114154,43.6287421,6/16/2022,June,Georgia_Ticks
Ixodes ricinus,41.65702532,44.72693684,6/17/2022,June,Georgia_Ticks
Ixodes ricinus,41.67104979,44.68457684,6/17/2022,June,Georgia_Ticks
Ixodes ricinus,41.78870737,44.5205705,6/17/2022,June,Georgia_Ticks
Ixodes ricinus,41.9172959,45.38844287,6/21/2022,June,Georgia_Ticks
Ixodes ricinus,41.86377749,45.33926658,6/21/2022,June,Georgia_Ticks
Ixodes ricinus,41.86473127,45.2809231,6/22/2022,June,Georgia_Ticks
Ixodes ricinus,41.85840175,45.23619734,6/22/2022,June,Georgia_Ticks
Ixodes ricinus,41.87231714,44.91047561,6/24/2022,June,Georgia_Ticks
Ixodes ricinus,41.91861089,44.92397797,6/24/2022,June,Georgia_Ticks
Ixodes ricinus,41.95649572,45.00429476,6/24/2022,June,Georgia_Ticks
Ixodes ricinus,41.90457361,45.13561339,6/24/2022,June,Georgia_Ticks
Ixodes ricinus,41.66795271,44.69525759,7/7/2022,July,Georgia_Ticks
Ixodes ricinus,42.32138952,43.06230482,9/15/2022,September,Georgia_Ticks
Ixodes ricinus,41.92032117,45.42434259,9/20/2022,September,Georgia_Ticks
Ixodes ricinus,41.87207453,44.90986224,9/22/2022,September,Georgia_Ticks
Ixodes ricinus,41.66844293,44.69342484,10/3/2022,October,Georgia_Ticks
Ixodes ricinus,41.99119639,43.62940146,10/7/2022,October,Georgia_Ticks
Ixodes ricinus,41.91991733,45.42436708,10/18/2022,October,Georgia_Ticks
Ixodes ricinus,41.86009476,45.33320687,10/19/2022,October,Georgia_Ticks
Ixodes ricinus,41.85903509,45.23582022,10/19/2022,October,Georgia_Ticks
Ixodes ricinus,41.87221828,44.90983564,10/20/2022,October,Georgia_Ticks
Ixodes ricinus,41.95583884,45.00372598,10/20/2022,October,Georgia_Ticks
Ixodes ricinus,41.93069379,45.08371161,10/20/2022,October,Georgia_Ticks
Ixodes ricinus,41.90475464,45.13666256,10/20/2022,October,Georgia_Ticks
Ixodes ricinus,41.86584473,45.17320207,10/20/2022,October,Georgia_Ticks
Ixodes ricinus,41.88067627,44.66993956,10/27/2022,October,Georgia_Ticks
Ixodes ricinus,42.29763,44.752941,2/27/2023,February,GBIF
Ixodes ricinus,41.648434,42.088157,2/27/2023,February,GBIF
Ixodes ricinus,41.54343,43.329861,2/27/2023,February,GBIF
Ixodes ricinus,41.767433,45.773121,2/27/2023,February,GBIF
Ixodes ricinus,41.684002,41.859802,NA,NA,GBIF
Ixodes ricinus,41.714161,44.872935,NA,NA,GBIF
Ixodes ricinus,42.526817,42.884556,NA,NA,GBIF
Rhipicephalus sanguineus,41.79193,42.0377,9/16/2009,September,VectorMap_Ticks
Rhipicephalus sanguineus,41.64788,41.67297,6/2/2010,June,VectorMap_Ticks
Rhipicephalus sanguineus,41.89548,45.58341,9/14/2010,September,VectorMap_Ticks
Rhipicephalus sanguineus,41.96641,44.21002,9/18/2010,September,VectorMap_Ticks
Rhipicephalus sanguineus,41.79571,42.22611,10/5/2011,October,VectorMap_Ticks
Rhipicephalus sanguineus,41.72537,42.06061,10/5/2011,October,VectorMap_Ticks
Rhipicephalus sanguineus,41.73471,42.04339,10/5/2011,October,VectorMap_Ticks
Rhipicephalus sanguineus,41.6185865,45.922079,6/5/2012,June,VectorMap_Ticks
Rhipicephalus sanguineus,41.27506,46.06397,6/5/2012,June,VectorMap_Ticks
Rhipicephalus sanguineus,41.5892,45.8479,6/5/2012,June,VectorMap_Ticks
Rhipicephalus sanguineus,41.4897,45.9885,6/5/2012,June,VectorMap_Ticks
Rhipicephalus sanguineus,41.42295,46.17668,6/6/2012,June,VectorMap_Ticks
Rhipicephalus sanguineus,41.42813,46.38476,6/6/2012,June,VectorMap_Ticks
Rhipicephalus sanguineus,41.57397,45.89277,6/6/2012,June,VectorMap_Ticks
Rhipicephalus sanguineus,41.51774,45.93264,6/6/2012,June,VectorMap_Ticks
Rhipicephalus sanguineus,41.51604,45.9168,6/6/2012,June,VectorMap_Ticks
Rhipicephalus sanguineus,41.5664752,45.8454314,6/6/2012,June,VectorMap_Ticks
Rhipicephalus sanguineus,41.551874,45.864836,6/6/2012,June,VectorMap_Ticks
Rhipicephalus sanguineus,41.25296,46.23139,6/7/2012,June,VectorMap_Ticks
Rhipicephalus sanguineus,41.23349,46.2885,6/7/2012,June,VectorMap_Ticks
Rhipicephalus sanguineus,43.28647,41.47667,6/11/2012,June,VectorMap_Ticks
Rhipicephalus sanguineus,43.2598,41.5002,6/12/2012,June,VectorMap_Ticks
Rhipicephalus sanguineus,43.20591,41.518,6/13/2012,June,VectorMap_Ticks
Rhipicephalus sanguineus,41.90472,45.97694,4/9/2019,April,VectorMap_Ticks
Rhipicephalus sanguineus,42.71906,42.23314,4/10/2019,April,VectorMap_Ticks
Rhipicephalus sanguineus,42.23314,42.71906,4/10/2019,April,Georgia_Ticks
Rhipicephalus sanguineus,42.71692,42.24147,4/12/2019,April,VectorMap_Ticks
Rhipicephalus sanguineus,42.24147,42.71692,4/12/2019,April,Georgia_Ticks
Rhipicephalus sanguineus,41.806106,44.774851,7/30/2019,July,Georgia_Ticks
Rhipicephalus sanguineus,41.806106,44.774851,8/3/2019,August,VectorMap_Ticks
Rhipicephalus sanguineus,41.806106,44.774851,4/23/2020,April,VectorMap_Ticks
Rhipicephalus sanguineus,41.806758,44.778306,4/25/2020,April,VectorMap_Ticks
Rhipicephalus sanguineus,43.016816,41.024857,NA,NA,GBIF
