{"boundaryID": "GEO-ADM2-92138335", "boundaryISO": "GEO", "boundaryYear": "2007", "boundaryType": "ADM2", "boundarySource": "geoBoundaries, Wikimedia Commons", "boundaryCanonical": "Municipality", "boundaryLicense": "Public Domain", "licenseDetail": "", "licenseSource": "https//commons.wikimedia.org/wiki/File", "boundarySourceURL": "https//commons.wikimedia.org/wiki/File", "sourceDataUpdateDate": "Thu Jan 19 07:31:04 2023", "buildDate": "Dec 12, 2023", "admUnitCount": "68", "meanVertices": "1164.0", "minVertices": "485", "maxVertices": "2573", "meanPerimeterLengthKM": "194.2980406591832", "maxPerimeterLengthKM": "374.20655257116346", "minPerimeterLengthKM": "99.78179908893812", "meanAreaSqKM": "1030.6128035184754", "minAreaSqKM": "292.12526991116823", "maxAreaSqKM": "3238.605592565894"}